{"frame_analysis_supervised": "uniform", "_timestamp": 1699304594.0050828, "_runtime": 5.872481822967529, "_step": 0, "_wandb": {"runtime": 4}}