{"run_id": "3a4u5jei", "_timestamp": 1696429614.3565214, "_runtime": 4.880104303359985, "_step": 0, "_wandb": {"runtime": 10}}