{"frame_analysis_supervised": "sparse", "_timestamp": 1699309116.8395486, "_runtime": 62.66700863838196, "_step": 4, "Train Time": 7.501547336578369, "confusion_matrix Train sparse": {"_type": "image-file", "sha256": "b49e1488a4a9e3d1e1f0168a107eccb726c32f2032441df14fd87e9eb0e1caa3", "size": 34616, "path": "media/images/confusion_matrix Train sparse_4_b49e1488a4a9e3d1e1f0.png", "format": "png", "width": 1200, "height": 800, "caption": "Confusion Matrix Train sparse at Epoch 4"}, "precision Train sparse": [0.9999999999983333, 0.9999999999980769, 0.9999999999985294, 0.9999999999980769, 0.9999999999984848, 0.9999999999985714], "recall Train sparse": [0.9999999999983333, 0.9999999999980769, 0.9999999999985294, 0.9999999999980769, 0.9999999999984848, 0.9999999999985714], "class_accuracy_dict Train sparse": {"Accuracy_Train_sparse_climb": 1.0, "Accuracy_Train_sparse_fencing": 1.0, "Accuracy_Train_sparse_golf": 1.0, "Accuracy_Train_sparse_kick_ball": 1.0, "Accuracy_Train_sparse_pullup": 1.0, "Accuracy_Train_sparse_punch": 1.0}, "standard_accuracy Train sparse": 1.0, "Closed Accuracy Train sparse": 0.9999999999983002, "confusion_matrix Test sparse": {"_type": "image-file", "sha256": "28dc06eeea646546a82fe3e2537186d4a24f7bc2c9f626d8d0f18d3be165cc7e", "size": 34041, "path": "media/images/confusion_matrix Test sparse_4_28dc06eeea646546a82f.png", "format": "png", "width": 1200, "height": 800, "caption": "Confusion Matrix Test sparse at Epoch 4"}, "precision Test sparse": [0.8999999999955001, 0.7999999999973334, 0.8749999999972656, 0.3999999999984, 0.7714285714263673, 0.7499999999953126], "recall Test sparse": [0.749999999996875, 0.95999999999616, 0.9333333333302223, 0.45454545454338846, 0.9999999999962964, 0.3999999999986667], "class_accuracy_dict Test sparse": {"Accuracy_Test_sparse_climb": 0.75, "Accuracy_Test_sparse_fencing": 0.96, "Accuracy_Test_sparse_golf": 0.9333333333333333, "Accuracy_Test_sparse_kick_ball": 0.45454545454545453, "Accuracy_Test_sparse_pullup": 1.0, "Accuracy_Test_sparse_punch": 0.4}, "standard_accuracy Test sparse": 0.7531645569620253, "Closed Accuracy Test sparse": 0.666345898829564, "_wandb": {"runtime": 62}}