{"run_id": "0izzm036", "_timestamp": 1696453819.4906158, "_runtime": 2.821692943572998, "_step": 0, "_wandb": {"runtime": 0}}