{"frame_analysis_supervised": "uniform", "_timestamp": 1704213915.092414, "_runtime": 4.7204430103302, "_step": 0, "_wandb": {"runtime": 42}}