{"frame_strategy": "uniform", "_timestamp": 1699229033.1766605, "_runtime": 4.169471502304077, "_step": 0, "_wandb": {"runtime": 294}}