{"frame_analysis_supervised": "uniform", "_timestamp": 1699308773.6805162, "_runtime": 34.37061619758606, "_step": 1, "_wandb": {"runtime": 31}, "Train Time": 7.387861728668213, "confusion_matrix Train uniform": {"_type": "image-file", "sha256": "0edc8120a438410ccd9d0eb27271fdf0b6b141690fe3f7aa2ed64a27f11cb055", "size": 35488, "path": "media/images/confusion_matrix Train uniform_1_0edc8120a438410ccd9d.png", "format": "png", "width": 1200, "height": 800, "caption": "Confusion Matrix Train uniform at Epoch 1"}, "precision Train uniform": [0.8548387096760406, 0.8431372549003076, 0.8513513513502009, 0.8749999999978124, 0.9242424242410239, 0.746666666665671], "recall Train uniform": [0.883333333331861, 0.7818181818167603, 0.9264705882339317, 0.6862745098025759, 0.9384615384600946, 0.8115942028973745], "class_accuracy_dict Train uniform": {"Accuracy_Train_uniform_climb": 0.8833333333333333, "Accuracy_Train_uniform_fencing": 0.7818181818181819, "Accuracy_Train_uniform_golf": 0.9264705882352942, "Accuracy_Train_uniform_kick_ball": 0.6862745098039216, "Accuracy_Train_uniform_pullup": 0.9384615384615385, "Accuracy_Train_uniform_punch": 0.8115942028985508}, "standard_accuracy Train uniform": 0.845108695652174, "Closed Accuracy Train uniform": 0.7489105100844105, "confusion_matrix Test uniform": {"_type": "image-file", "sha256": "cb6791b121f10d904724334d1bcbcd2780b6e984cffc1450f90c360d0f32d7c9", "size": 33357, "path": "media/images/confusion_matrix Test uniform_1_cb6791b121f10d904724.png", "format": "png", "width": 1200, "height": 800, "caption": "Confusion Matrix Test uniform at Epoch 1"}, "precision Test uniform": [0.8076923076892012, 0.8260869565181476, 0.8181818181793388, 0.7692307692248521, 0.9310344827554102, 0.764705882350692], "recall Test uniform": [0.8749999999963542, 0.7599999999969601, 0.8999999999970001, 0.45454545454338846, 0.9999999999962964, 0.8666666666637778], "class_accuracy_dict Test uniform": {"Accuracy_Test_uniform_climb": 0.875, "Accuracy_Test_uniform_fencing": 0.76, "Accuracy_Test_uniform_golf": 0.9, "Accuracy_Test_uniform_kick_ball": 0.45454545454545453, "Accuracy_Test_uniform_pullup": 1.0, "Accuracy_Test_uniform_punch": 0.8666666666666667}, "standard_accuracy Test uniform": 0.8227848101265823, "Closed Accuracy Test uniform": 0.6920689655149114}