{"frame_strategy": "uniform", "_timestamp": 1698848657.6194956, "_runtime": 1125.4959256649017, "_step": 14, "Train Time": 62.65736746788025, "confusion_matrix Train": {"_type": "image-file", "sha256": "30c55a36e50ed9e0ec78d149e59b7464b49837b89b48d012f792ffaa446a0047", "size": 42552, "path": "media/images/confusion_matrix Train_14_30c55a36e50ed9e0ec78.png", "format": "png", "width": 1200, "height": 800, "caption": "Confusion Matrix Train at Epoch 14"}, "Closed Accuracy Train": 0.7360968517550098, "Open Accuracy Train": 0.0, "H-Score Train": 0.0, "Accuracy_Train_climb": 0.9135802469135802, "Accuracy_Train_fencing": 0.8318181818181818, "Accuracy_Train_golf": 0.9169675090252708, "Accuracy_Train_kick_ball": 0.6089743589743589, "Accuracy_Train_pullup": 0.9138576779026217, "Accuracy_Train_punch": 0.8587360594795539, "Accuracy_Train_unknown": 0.0, "confusion_matrix Test": {"_type": "image-file", "sha256": "614a61b60e8187c5f4de62773e4c4892938b728b9865b894eb257060b95fb864", "size": 39598, "path": "media/images/confusion_matrix Test_14_614a61b60e8187c5f4de.png", "format": "png", "width": 1200, "height": 800, "caption": "Confusion Matrix Test at Epoch 14"}, "Closed Accuracy Test": 0.14124315270934437, "Open Accuracy Test": 0.16926503340753468, "H-Score Test": 0.15398967261322777, "Accuracy_Test_climb": 0.0, "Accuracy_Test_fencing": 0.8823529411764706, "Accuracy_Test_golf": 0.7948717948717948, "Accuracy_Test_kick_ball": 0.4634146341463415, "Accuracy_Test_pullup": 0.03571428571428571, "Accuracy_Test_punch": 0.0, "Accuracy_Test_unknown": 0.3318777292576419, "gradients/label_classifier.bias": {"_type": "histogram", "values": [1.0, 0.0, 0.0, 0.0, 0.0, 0.0, 0.0, 0.0, 0.0, 0.0, 0.0, 0.0, 0.0, 0.0, 1.0, 0.0, 0.0, 0.0, 0.0, 0.0, 0.0, 0.0, 0.0, 0.0, 0.0, 0.0, 0.0, 0.0, 1.0, 0.0, 0.0, 0.0, 0.0, 0.0, 0.0, 0.0, 0.0, 0.0, 0.0, 0.0, 0.0, 0.0, 0.0, 0.0, 0.0, 0.0, 0.0, 0.0, 0.0, 0.0, 0.0, 0.0, 0.0, 1.0, 0.0, 0.0, 0.0, 0.0, 0.0, 0.0, 0.0, 0.0, 1.0, 1.0], "bins": [-0.21228109300136566, -0.20658086240291595, -0.20088061690330505, -0.19518038630485535, -0.18948015570640564, -0.18377992510795593, -0.17807967960834503, -0.17237944900989532, -0.16667921841144562, -0.16097897291183472, -0.155278742313385, -0.1495785117149353, -0.1438782811164856, -0.1381780356168747, -0.132477805018425, -0.12677757441997528, -0.12107733637094498, -0.11537709832191467, -0.10967686772346497, -0.10397662967443466, -0.09827639907598495, -0.09257616102695465, -0.08687593042850494, -0.08117569237947464, -0.07547545433044434, -0.06977522373199463, -0.06407498568296432, -0.05837475508451462, -0.052674517035484314, -0.04697428271174431, -0.0412740483880043, -0.0355738140642643, -0.029873579740524292, -0.024173345416784286, -0.01847311109304428, -0.012772874906659126, -0.007072640582919121, -0.001372405793517828, 0.004327828995883465, 0.010028064250946045, 0.01572829857468605, 0.021428532898426056, 0.02712876722216606, 0.03282900154590607, 0.03852923959493637, 0.044229473918676376, 0.04992970824241638, 0.05562994256615639, 0.06133017688989639, 0.0670304149389267, 0.0727306455373764, 0.07843088358640671, 0.08413111418485641, 0.08983135223388672, 0.09553158283233643, 0.10123182088136673, 0.10693205893039703, 0.11263228952884674, 0.11833252757787704, 0.12403275817632675, 0.12973299622535706, 0.13543322682380676, 0.14113345742225647, 0.14683370292186737, 0.15253393352031708]}, "gradients/label_classifier.weight": {"_type": "histogram", "values": [1.0, 0.0, 0.0, 1.0, 0.0, 0.0, 1.0, 2.0, 1.0, 1.0, 1.0, 1.0, 3.0, 1.0, 1.0, 6.0, 3.0, 4.0, 11.0, 13.0, 13.0, 15.0, 19.0, 20.0, 32.0, 38.0, 53.0, 71.0, 63.0, 83.0, 109.0, 106.0, 112.0, 111.0, 87.0, 104.0, 82.0, 70.0, 50.0, 39.0, 41.0, 24.0, 25.0, 23.0, 24.0, 18.0, 12.0, 11.0, 6.0, 9.0, 3.0, 4.0, 3.0, 1.0, 1.0, 1.0, 1.0, 0.0, 0.0, 0.0, 0.0, 0.0, 0.0, 1.0], "bins": [-0.21122300624847412, -0.20482000708580017, -0.19841699302196503, -0.19201399385929108, -0.18561097979545593, -0.17920798063278198, -0.17280498147010803, -0.1664019674062729, -0.15999896824359894, -0.1535959541797638, -0.14719295501708984, -0.1407899558544159, -0.13438694179058075, -0.1279839426279068, -0.12158093601465225, -0.1151779294013977, -0.10877492278814316, -0.10237191617488861, -0.09596890956163406, -0.08956591039896011, -0.08316290378570557, -0.07675989717245102, -0.07035689055919647, -0.06395388394594193, -0.057550881057977676, -0.05114787444472313, -0.04474487155675888, -0.038341864943504333, -0.031938858330249786, -0.025535855442285538, -0.01913284882903099, -0.012729844078421593, -0.006326839327812195, 7.616588845849037e-05, 0.006479171104729176, 0.012882176786661148, 0.019285181537270546, 0.025688186287879944, 0.03209119290113449, 0.03849419578909874, 0.04489720240235329, 0.051300209015607834, 0.05770321190357208, 0.06410621851682663, 0.07050922513008118, 0.07691223174333572, 0.08331523090600967, 0.08971823751926422, 0.09612124413251877, 0.10252425074577332, 0.10892725735902786, 0.11533025652170181, 0.12173326313495636, 0.1281362771987915, 0.13453927636146545, 0.1409422755241394, 0.14734528958797455, 0.1537482887506485, 0.16015130281448364, 0.1665543019771576, 0.17295730113983154, 0.1793603152036667, 0.18576331436634064, 0.19216632843017578, 0.19856932759284973]}, "gradients/adapter.fc.9.weight": {"_type": "histogram", "values": [1.0, 2.0, 2.0, 2.0, 2.0, 7.0, 7.0, 8.0, 7.0, 11.0, 27.0, 19.0, 21.0, 35.0, 35.0, 69.0, 80.0, 123.0, 166.0, 192.0, 265.0, 390.0, 586.0, 748.0, 1082.0, 1552.0, 2450.0, 4067.0, 8053.0, 26706.0, 6247.0, 3732.0, 2482.0, 1749.0, 1241.0, 837.0, 673.0, 435.0, 349.0, 277.0, 174.0, 139.0, 110.0, 94.0, 70.0, 62.0, 39.0, 33.0, 22.0, 14.0, 17.0, 6.0, 6.0, 5.0, 4.0, 1.0, 0.0, 0.0, 1.0, 0.0, 1.0, 0.0, 0.0, 1.0], "bins": [-0.08068693429231644, -0.07792814821004868, -0.07516936957836151, -0.07241058349609375, -0.06965179741382599, -0.06689301878213882, -0.06413423269987106, -0.0613754466176033, -0.05861666426062584, -0.055857881903648376, -0.053099095821380615, -0.05034031346440315, -0.04758153110742569, -0.04482274502515793, -0.042063962668180466, -0.039305176585912704, -0.03654639422893524, -0.03378761187195778, -0.031028825789690018, -0.028270043432712555, -0.025511259213089943, -0.02275247499346733, -0.019993692636489868, -0.017234908416867256, -0.014476124197244644, -0.011717339977622032, -0.008958556689321995, -0.00619977293536067, -0.0034409891813993454, -0.0006822054274380207, 0.002076578326523304, 0.004835362080484629, 0.00759415328502655, 0.010352937504649162, 0.0131117207929492, 0.015870504081249237, 0.01862928830087185, 0.02138807252049446, 0.024146854877471924, 0.026905639097094536, 0.029664423316717148, 0.03242320567369461, 0.03518199175596237, 0.037940774112939835, 0.0406995564699173, 0.04345834255218506, 0.04621712490916252, 0.04897591099143028, 0.051734693348407745, 0.05449347570538521, 0.05725226178765297, 0.06001104414463043, 0.0627698302268982, 0.06552860885858536, 0.06828739494085312, 0.07104618102312088, 0.07380495965480804, 0.0765637457370758, 0.07932253181934357, 0.08208131790161133, 0.08484009653329849, 0.08759888261556625, 0.09035766869783401, 0.09311644732952118, 0.09587523341178894]}, "gradients/adapter.fc.6.weight": {"_type": "histogram", "values": [1.0, 0.0, 0.0, 0.0, 1.0, 0.0, 1.0, 2.0, 4.0, 3.0, 6.0, 7.0, 5.0, 21.0, 23.0, 27.0, 54.0, 73.0, 101.0, 154.0, 156.0, 257.0, 374.0, 574.0, 924.0, 1627.0, 4406.0, 50242.0, 2570.0, 1273.0, 760.0, 492.0, 328.0, 283.0, 181.0, 158.0, 110.0, 95.0, 46.0, 47.0, 35.0, 28.0, 18.0, 14.0, 11.0, 12.0, 10.0, 6.0, 2.0, 4.0, 1.0, 1.0, 3.0, 1.0, 3.0, 0.0, 0.0, 0.0, 0.0, 0.0, 0.0, 0.0, 0.0, 1.0],