{"seed": 42, "_timestamp": 1690136612.6462057, "_runtime": 203.6941487789154, "_step": 76, "run_id": "0yvrrt1h", "Train Loss": 1416.5238473415375, "Train Accuracy": 0.6445530726256983, "Train Time": 169.67792224884033, "t-SNE plot": {"_type": "image-file", "sha256": "b1d54c2f51ed1fc7b1d909a7dfe1a0b8bdb8668c61500d18b424489ee584ad5a", "size": 21737, "path": "media/images/t-SNE plot_74_b1d54c2f51ed1fc7b1d9.png", "format": "png", "width": 800, "height": 800}, "Epoch": 0, "Entropy": 0.09, "Validation Loss": 0.0, "Validation Closed Accuracy": 0.18465201465201464, "Validation Open Accuracy": 0.9737991266375546, "Validation H Score": 0.3104385919976405, "Validation Time": 29.909806966781616, "Model Name": "no_model", "confusion_matrix": {"_type": "image-file", "sha256": "68c4308d74f2a38f9eb345bdf1b82d25970eee3b1afd4a4c42c269dda45b3ea2", "size": 30473, "path": "media/images/confusion_matrix_76_68c4308d74f2a38f9eb3.png", "format": "png", "width": 1000, "height": 700}, "_wandb": {"runtime": 200}}