{"run_id": "m7lt7rl0", "_timestamp": 1696883046.752804, "_runtime": 1068.9953291416168, "_step": 5, "Train Time": 155.55505847930908, "confusion_matrix Train": {"_type": "image-file", "sha256": "9f89addc9daa5a36b3b04a326b640e6ec7a8f957f8659e7b4f3136989e081763", "size": 35960, "path": "media/images/confusion_matrix Train_5_9f89addc9daa5a36b3b0.png", "format": "png", "width": 1200, "height": 800, "caption": "Confusion Matrix Train at Epoch 5"}, "Closed Accuracy Train": 0.3173745888900148, "Open Accuracy Train": 0.9999999999998036, "H-Score Train": 0.4818289218063805, "Accuracy_Train_punch": 0.8202247191011236, "Accuracy_Train_fencing": 0.24545454545454545, "Accuracy_Train_kick_ball": 0.0, "Accuracy_Train_golf": 0.8892857142857142, "Accuracy_Train_unknown": 1.0, "confusion_matrix Test": {"_type": "image-file", "sha256": "e00256dffe80b6b37b31a3fd367ba1568488586cffad2d77caa2fe2cca18b899", "size": 32262, "path": "media/images/confusion_matrix Test_5_e00256dffe80b6b37b31.png", "format": "png", "width": 1200, "height": 800, "caption": "Confusion Matrix Test at Epoch 5"}, "Closed Accuracy Test": 0.03614457831323124, "Open Accuracy Test": 0.4891089108909923, "H-Score Test": 0.06731468023251948, "Accuracy_Test_punch": 0.0, "Accuracy_Test_fencing": 0.0, "Accuracy_Test_kick_ball": 0.0, "Accuracy_Test_golf": 0.6153846153846154, "Accuracy_Test_unknown": 0.7439759036144579, "gradients/label_classifier.bias": {"_type": "histogram", "values": [1.0, 0.0, 0.0, 0.0, 0.0, 0.0, 0.0, 0.0, 0.0, 0.0, 0.0, 0.0, 0.0, 0.0, 0.0, 0.0, 0.0, 0.0, 1.0, 0.0, 0.0, 0.0, 0.0, 0.0, 0.0, 0.0, 0.0, 0.0, 0.0, 0.0, 0.0, 0.0, 0.0, 1.0, 0.0, 0.0, 0.0, 0.0, 0.0, 0.0, 0.0, 0.0, 0.0, 0.0, 0.0, 0.0, 0.0, 0.0, 0.0, 0.0, 0.0, 0.0, 0.0, 0.0, 0.0, 0.0, 0.0, 0.0, 0.0, 0.0, 0.0, 0.0, 0.0, 1.0], "bins": [-0.2966492474079132, -0.28642022609710693, -0.27619120478630066, -0.2659622132778168, -0.2557331919670105, -0.24550417065620422, -0.23527514934539795, -0.22504614293575287, -0.2148171216249466, -0.20458810031414032, -0.19435909390449524, -0.18413007259368896, -0.1739010512828827, -0.1636720448732376, -0.15344302356243134, -0.14321401715278625, -0.13298499584197998, -0.1227559819817543, -0.11252696812152863, -0.10229794681072235, -0.09206893295049667, -0.081839919090271, -0.07161089777946472, -0.061381883919239044, -0.05115287005901337, -0.04092385619878769, -0.030694838613271713, -0.020465822890400887, -0.01023680716753006, -7.791444659233093e-06, 0.010221224278211594, 0.02045024000108242, 0.03067922592163086, 0.04090823978185654, 0.05113725736737251, 0.06136627495288849, 0.07159528881311417, 0.08182430267333984, 0.09205332398414612, 0.1022823378443718, 0.11251135170459747, 0.12274036556482315, 0.13296937942504883, 0.1431984007358551, 0.15342742204666138, 0.16365642845630646, 0.17388544976711273, 0.1841144561767578, 0.1943434774875641, 0.20457249879837036, 0.21480150520801544, 0.22503052651882172, 0.2352595329284668, 0.24548855423927307, 0.25571757555007935, 0.2659465968608856, 0.2761756181716919, 0.2864046096801758, 0.29663363099098206, 0.30686265230178833, 0.3170916736125946, 0.3273206949234009, 0.33754968643188477, 0.34777870774269104, 0.3580077290534973]}, "gradients/label_classifier.weight": {"_type": "histogram", "values": [2.0, 0.0, 0.0, 1.0, 3.0, 2.0, 3.0, 6.0, 2.0, 6.0, 9.0, 7.0, 4.0, 12.0, 4.0, 11.0, 15.0, 20.0, 22.0, 16.0, 19.0, 21.0, 37.0, 38.0, 30.0, 57.0, 46.0, 51.0, 63.0, 62.0, 51.0, 56.0, 58.0, 50.0, 30.0, 26.0, 26.0, 24.0, 14.0, 16.0, 11.0, 11.0, 14.0, 11.0, 10.0, 8.0, 9.0, 3.0, 3.0, 1.0, 5.0, 2.0, 2.0, 4.0, 2.0, 0.0, 0.0, 0.0, 1.0, 2.0, 0.0, 2.0, 2.0, 1.0], "bins": [-0.12201017141342163, -0.11781264841556549, -0.11361512541770935, -0.10941760987043381, -0.10522008687257767, -0.10102256387472153, -0.09682504832744598, -0.09262752532958984, -0.0884300023317337, -0.08423247933387756, -0.08003495633602142, -0.07583744078874588, -0.07163991779088974, -0.0674423947930336, -0.06324487924575806, -0.059047356247901917, -0.054849833250045776, -0.050652310252189636, -0.046454790979623795, -0.04225727170705795, -0.03805974870920181, -0.03386222571134567, -0.02966470643877983, -0.02546718530356884, -0.02126966416835785, -0.017072143033146858, -0.012874621897935867, -0.008677100762724876, -0.0044795796275138855, -0.0002820584923028946, 0.003915462642908096, 0.008112983778119087, 0.012310490012168884, 0.016508011147379875, 0.020705532282590866, 0.024903053417801857, 0.029100574553012848, 0.03329809755086899, 0.03749561682343483, 0.04169313609600067, 0.04589065909385681, 0.05008818209171295, 0.05428570136427879, 0.058483220636844635, 0.06268074363470078, 0.06687826663255692, 0.07107578217983246, 0.0752733051776886, 0.07947082817554474, 0.08366835117340088, 0.08786587417125702, 0.09206338971853256, 0.0962609127163887, 0.10045843571424484, 0.10465595126152039, 0.10885347425937653, 0.11305099725723267, 0.1172485202550888, 0.12144604325294495, 0.1256435662508011, 0.12984108924865723, 0.13403859734535217, 0.1382361203432083, 0.14243364334106445, 0.1466311663389206]}, "gradients/adapter.fc.9.weight": {"_type": "histogram", "values": [1.0, 1.0, 0.0, 0.0, 2.0, 3.0, 3.0, 3.0, 2.0, 6.0, 7.0, 12.0, 13.0, 14.0, 19.0, 19.0, 27.0, 63.0, 63.0, 92.0, 118.0, 230.0, 404.0, 608.0, 1191.0, 2333.0, 5036.0, 13886.0, 31030.0, 4877.0, 2337.0, 1229.0, 690.0, 379.0, 266.0, 173.0, 97.0, 77.0, 50.0, 47.0, 31.0, 23.0, 16.0, 12.0, 6.0, 8.0, 8.0, 4.0, 2.0, 2.0, 2.0, 4.0, 2.0, 0.0, 2.0, 1.0, 0.0, 2.0, 1.0, 0.0, 1.0, 0.0, 0.0, 1.0], "bins": [-0.06536427140235901, -0.0630309209227562, -0.06069757044315338, -0.05836421996355057, -0.056030869483947754, -0.05369751900434494, -0.051364168524742126, -0.04903081804513931, -0.0466974675655365, -0.044364117085933685, -0.04203076660633087, -0.03969741612672806, -0.037364065647125244, -0.03503071516752243, -0.03269736468791962, -0.030364014208316803, -0.02803066372871399, -0.025697313249111176, -0.023363962769508362, -0.021030612289905548, -0.018697261810302734, -0.01636391133069992, -0.014030560851097107, -0.011697210371494293, -0.00936385989189148, -0.007030509412288666, -0.004697158932685852, -0.0023638084530830383, -3.045797348022461e-05, 0.002302892506122589, 0.004636242985725403, 0.0069695934653282166, 0.009302936494350433, 0.011636286973953247, 0.01396963745355606, 0.016302987933158875, 0.018636338412761688, 0.020969688892364502, 0.023303039371967316, 0.02563638985157013, 0.027969740331172943, 0.030303090810775757, 0.03263644129037857, 0.034969791769981384, 0.0373031422495842, 0.03963649272918701, 0.041969843208789825, 0.04430319368839264, 0.04663654416799545, 0.04896989464759827, 0.05130324512720108, 0.053636595606803894, 0.05596994608640671, 0.05830329656600952, 0.060636647045612335, 0.06296999752521515, 0.06530334800481796, 0.06763669848442078, 0.06997004896402359, 0.0723033994436264, 0.07463674992322922, 0.07697010040283203, 0.07930345088243484, 0.08163680136203766, 0.08397015184164047]}, "gradients/adapter.fc.6.weight": {"_type": "histogram", "values": [1.0, 0.0, 0.0, 0.0, 1.0, 0.0, 0.0, 0.0, 0.0, 0.0, 1.0, 0.0, 0.0, 1.0, 2.0, 0.0, 1.0, 0.0, 1.0, 1.0, 1.0, 5.0, 4.0, 7.0, 7.0, 9.0, 14.0, 18.0, 33.0, 34.0, 53.0, 82.0, 123.0, 200.0, 352.0, 539.0, 1010.0, 2121.0, 51209.0, 5582.0, 1803.0, 935.0, 507.0, 302.0, 177.0, 106.0, 80.0, 57.0, 32.0, 33.0, 28.0, 20.0, 10.0, 4.0, 11.0, 2.0, 4.0, 2.0, 3.0, 1.0, 2.0, 1.0, 2.0, 2.0],