{"seed": 42, "_timestamp": 1692559420.860837, "_runtime": 3.8918099403381348, "_step": 1, "run_id": "3fjt58p3", "_wandb": {"runtime": 0}}