{"frame_analysis_supervised": "uniform", "_timestamp": 1699308698.6118317, "_runtime": 49.012309551239014, "_step": 2, "Train Time": 7.636606693267822, "confusion_matrix Train uniform": {"_type": "image-file", "sha256": "d17df62bcb8e1ba9432fee74f9dc96c2f434f2a3e2003ef264dae94ba8a04ce3", "size": 35161, "path": "media/images/confusion_matrix Train uniform_2_d17df62bcb8e1ba9432f.png", "format": "png", "width": 1200, "height": 800, "caption": "Confusion Matrix Train uniform at Epoch 2"}, "precision Train uniform": [0.8769230769217278, 0.895833333331467, 0.9166666666653935, 0.8979591836716367, 0.9374999999985352, 0.8571428571416326], "recall Train uniform": [0.9344262295066649, 0.8113207547154503, 0.9428571428557959, 0.862745098037524, 0.9230769230755029, 0.8823529411751729], "class_accuracy_dict Train uniform": {"Accuracy_Train_uniform_climb": 0.9344262295081968, "Accuracy_Train_uniform_fencing": 0.8113207547169812, "Accuracy_Train_uniform_golf": 0.9428571428571428, "Accuracy_Train_uniform_kick_ball": 0.8627450980392157, "Accuracy_Train_uniform_pullup": 0.9230769230769231, "Accuracy_Train_uniform_punch": 0.8823529411764706}, "standard_accuracy Train uniform": 0.8967391304347826, "Closed Accuracy Train uniform": 0.8182333645194909, "confusion_matrix Test uniform": {"_type": "image-file", "sha256": "61e423a4ed773afd5af18cd5e7151ea69b889a21eefecb83c61ff69fa25b3a94", "size": 34001, "path": "media/images/confusion_matrix Test uniform_2_61e423a4ed773afd5af1.png", "format": "png", "width": 1200, "height": 800, "caption": "Confusion Matrix Test uniform at Epoch 2"}, "precision Test uniform": [0.9999999999933333, 0.8260869565181476, 0.7837837837816655, 0.6874999999957032, 0.7714285714263673, 0.7812499999975585], "recall Test uniform": [0.6249999999973959, 0.7599999999969601, 0.9666666666634445, 0.4999999999977273, 0.9999999999962964, 0.8333333333305556], "class_accuracy_dict Test uniform": {"Accuracy_Test_uniform_climb": 0.625, "Accuracy_Test_uniform_fencing": 0.76, "Accuracy_Test_uniform_golf": 0.9666666666666667, "Accuracy_Test_uniform_kick_ball": 0.5, "Accuracy_Test_uniform_pullup": 1.0, "Accuracy_Test_uniform_punch": 0.8333333333333334}, "standard_accuracy Test uniform": 0.7974683544303798, "Closed Accuracy Test uniform": 0.6444332574710679, "_wandb": {"runtime": 45}}