{"run_id": "gczstixw", "_timestamp": 1696429739.3471057, "_runtime": 3.0084707736968994, "_step": 0, "_wandb": {"runtime": 9}}