{"frame_analysis_supervised": "uniform", "_timestamp": 1699309043.264269, "_runtime": 182.62940621376038, "_step": 14, "Train Time": 7.120274543762207, "confusion_matrix Train uniform": {"_type": "image-file", "sha256": "22d24775cb569b96356282e85679b5978d59305a70caa91d46220da4c19c3578", "size": 33629, "path": "media/images/confusion_matrix Train uniform_14_22d24775cb569b963562.png", "format": "png", "width": 1200, "height": 800, "caption": "Confusion Matrix Train uniform at Epoch 14"}, "precision Train uniform": [0.9833333333316944, 0.9999999999981818, 0.9999999999985294, 0.9999999999980769, 0.9999999999984616, 0.9852941176456098], "recall Train uniform": [0.999999999998305, 0.9999999999981818, 0.9855072463753833, 0.9999999999980769, 0.9848484848469926, 0.9999999999985074], "class_accuracy_dict Train uniform": {"Accuracy_Train_uniform_climb": 1.0, "Accuracy_Train_uniform_fencing": 1.0, "Accuracy_Train_uniform_golf": 0.9855072463768116, "Accuracy_Train_uniform_kick_ball": 1.0, "Accuracy_Train_uniform_pullup": 0.9848484848484849, "Accuracy_Train_uniform_punch": 1.0}, "standard_accuracy Train uniform": 0.9945652173913043, "Closed Accuracy Train uniform": 0.9907378129100657, "confusion_matrix Test uniform": {"_type": "image-file", "sha256": "70dd2874e28126cab2a82c2928297d80bd76c613ecadcdf8973c927f083ff63e", "size": 34346, "path": "media/images/confusion_matrix Test uniform_14_70dd2874e28126cab2a8.png", "format": "png", "width": 1200, "height": 800, "caption": "Confusion Matrix Test uniform at Epoch 14"}, "precision Test uniform": [0.87999999999648, 0.8461538461505917, 0.8108108108086194, 0.4193548387083247, 0.956521739126276, 0.7499999999953126], "recall Test uniform": [0.9166666666628472, 0.87999999999648, 0.9999999999966668, 0.590909090906405, 0.8148148148117971, 0.3999999999986667], "class_accuracy_dict Test uniform": {"Accuracy_Test_uniform_climb": 0.9166666666666666, "Accuracy_Test_uniform_fencing": 0.88, "Accuracy_Test_uniform_golf": 1.0, "Accuracy_Test_uniform_kick_ball": 0.5909090909090909, "Accuracy_Test_uniform_pullup": 0.8148148148148148, "Accuracy_Test_uniform_punch": 0.4}, "standard_accuracy Test uniform": 0.7658227848101266, "Closed Accuracy Test uniform": 0.6989921201967281, "_wandb": {"runtime": 176}}