{"run_id": "lsfoot7r", "_timestamp": 1696432200.5481136, "_runtime": 366.4326226711273, "_step": 1, "Train Time": 361.0095179080963, "_wandb": {"runtime": 363}}