{"frame_analysis_supervised": "uniform", "_timestamp": 1699305423.18993, "_runtime": 4.696846961975098, "_step": 0, "_wandb": {"runtime": 25}}