{"Epoch": 0, "Train Loss": 859.3410787582397, "Train Accuracy": 0.6493055555555556, "Train Time": 242.02885150909424, "_timestamp": 1687716304.0268438, "_runtime": 244.35172080993652, "_step": 0, "_wandb": {"runtime": 244}}