{"frame_analysis_supervised": "uniform", "_timestamp": 1702481667.8391955, "_runtime": 4.733250379562378, "_step": 0, "_wandb": {"runtime": 52}}