{"run_id": "52zabf9i", "_timestamp": 1696438893.8346336, "_runtime": 1878.1438255310059, "_step": 5, "Train Time": 344.8085560798645, "_wandb": {"runtime": 1879}}