{"run_id": "vfwcelvv", "_timestamp": 1696430276.6967106, "_runtime": 383.8611207008362, "_step": 1, "Train Time": 378.83002042770386, "_wandb": {"runtime": 382}}