{"run_id": "xtlzbh1k", "_timestamp": 1696371213.4591546, "_runtime": 418.91744351387024, "_step": 1, "Train Time": 413.64514446258545, "_wandb": {"runtime": 413}}