{"Epoch": 0, "Train Loss": 859.7554669380188, "Train Accuracy": 0.6493055555555556, "Train Time": 239.29245376586914, "_timestamp": 1687717060.8420148, "_runtime": 287.34134888648987, "_step": 45, "t-SNE plot": {"_type": "image-file", "sha256": "41d4edf97488f5585745b0c53f56f22b22a1b11e8128dd4db0bb79e74c229d96", "size": 22903, "path": "media/images/t-SNE plot_43_41d4edf97488f5585745.png", "format": "png", "width": 800, "height": 800}, "Entropy VAL": 2, "Validation Loss": 0.0, "Validation Closed Accuracy": 0.5191778900112233, "Validation Open Accuracy": 0.0, "Validation H Score": 0.0, "Validation Time": 45.25624084472656, "confusion_matrix": {"_type": "image-file", "sha256": "a5856787b12fb70488bbc2c9bd80e50ae67552ce67b3cad5de129b642910db68", "size": 29227, "path": "media/images/confusion_matrix_45_a5856787b12fb70488bb.png", "format": "png", "width": 1000, "height": 700}, "_wandb": {"runtime": 285}}