{"frame_analysis_supervised": "uniform", "_timestamp": 1699305921.3083835, "_runtime": 5.7777745723724365, "_step": 0, "_wandb": {"runtime": 15}}