{"seed": 42, "_timestamp": 1692822488.9903505, "_runtime": 199.96691751480103, "_step": 4, "run_id": "a7c2uphi", "Train Loss": 5985149.117675781, "Train Accuracy": 0.30027932960893855, "Train Time": 181.04494762420654, "Known-Unknown Confusion Matrix": {"_type": "image-file", "sha256": "52c3a82f2d6ea9478ea1dabdac2e3690de155a567a0bc122e43c94e0a6190474", "size": 7927, "path": "media/images/Known-Unknown Confusion Matrix_3_52c3a82f2d6ea9478ea1.png", "format": "png", "width": 640, "height": 480}, "Test Loss": 0.0, "Test Accuracy": 0.0, "H Score": 0, "_wandb": {"runtime": 195}}