{"seed": 42, "_timestamp": 1690136006.0591662, "_runtime": 204.37236618995667, "_step": 75, "run_id": "c3rr9e26", "Train Loss": 1416.1715106964111, "Train Accuracy": 0.645949720670391, "Train Time": 170.2693214416504, "t-SNE plot": {"_type": "image-file", "sha256": "9bcc3a30e65754ed666e8c6e0be9ab68b43a578910581a679ca764760fb4a4fc", "size": 21175, "path": "media/images/t-SNE plot_74_9bcc3a30e65754ed666e.png", "format": "png", "width": 800, "height": 800}, "Epoch": 0, "Entropy": 0.09, "Validation Loss": 0.0, "Validation Closed Accuracy": 0.21352136752136752, "Validation Open Accuracy": 0.9606986899563319, "Validation H Score": 0.3493888504955265, "Validation Time": 30.77944588661194, "Model Name": "no_model", "_wandb": {"runtime": 201}}