{"frame_strategy": "uniform", "_timestamp": 1698847136.200495, "_runtime": 5.600682020187378, "_step": 0, "_wandb": {"runtime": 61}}