{"Epoch": 0, "Train Loss": 859.2601532936096, "Train Accuracy": 0.6493055555555556, "Train Time": 238.47028279304504, "_timestamp": 1687716689.9004636, "_runtime": 241.06673955917358, "_step": 0, "_wandb": {"runtime": 242}}