{"seed": 42, "_timestamp": 1692822009.2811487, "_runtime": 185.0907175540924, "_step": 2, "run_id": "327g5b5t", "Train Loss": 4047560.6323242188, "Train Accuracy": 0.2856145251396648, "Train Time": 180.85813641548157, "_wandb": {"runtime": 194}}