{"frame_analysis_supervised": "random", "_timestamp": 1701859507.7240434, "_runtime": 5.773743391036987, "_step": 0, "_wandb": {"runtime": 15}}