{"frame_analysis_supervised": "uniform", "_timestamp": 1699308188.2571797, "_runtime": 4.8188557624816895, "_step": 0, "_wandb": {"runtime": 3}}