{"frame_strategy": "uniform", "_timestamp": 1698846764.8118804, "_runtime": 4.324889421463013, "_step": 0, "_wandb": {"runtime": 77}}