{"frame_analysis_supervised": "uniform", "_timestamp": 1699306299.4863844, "_runtime": 5.205941438674927, "_step": 0, "_wandb": {"runtime": 7}}