{"frame_analysis_supervised": "uniform", "_timestamp": 1699305609.4535468, "_runtime": 4.5856547355651855, "_step": 0, "_wandb": {"runtime": 6}}