{"run_id": "eudgi546", "_timestamp": 1696584952.3155005, "_runtime": 5416.136634588242, "_step": 14, "Train Time": 331.51218724250793, "confusion_matrix Train": {"_type": "image-file", "sha256": "23894a40d87e80916f10bc638e236f69e7eda906ba7680cd1dcc93be5338394e", "size": 36831, "path": "media/images/confusion_matrix Train_14_23894a40d87e80916f10.png", "format": "png", "width": 1200, "height": 800, "caption": "Confusion Matrix Train at Epoch 14"}, "Closed Accuracy Train": 0.5697603634405932, "Open Accuracy Train": 0.9999999999998084, "H-Score Train": 0.7259201808252511, "Accuracy_Train_punch": 0.8185185185185185, "Accuracy_Train_kick_ball": 0.4805194805194805, "Accuracy_Train_fencing": 0.7, "Accuracy_Train_pullup": 0.849624060150376, "Accuracy_Train_unknown": 1.0, "confusion_matrix Test": {"_type": "image-file", "sha256": "d44d81f4b428c365d9c9a37974349af706dff46ab0ca71a61ec0d704623d6605", "size": 34457, "path": "media/images/confusion_matrix Test_14_d44d81f4b428c365d9c9.png", "format": "png", "width": 1200, "height": 800, "caption": "Confusion Matrix Test at Epoch 14"}, "Closed Accuracy Test": 0.21841961957319128, "Open Accuracy Test": 0.5081585081583897, "H-Score Test": 0.30551921066316345, "Accuracy_Test_punch": 0.0, "Accuracy_Test_kick_ball": 0.43902439024390244, "Accuracy_Test_fencing": 0.8529411764705882, "Accuracy_Test_pullup": 0.8214285714285714, "Accuracy_Test_unknown": 0.6355685131195336, "gradients/label_classifier.bias": {"_type": "histogram", "values": [1.0, 0.0, 0.0, 0.0, 0.0, 0.0, 0.0, 0.0, 0.0, 0.0, 0.0, 0.0, 0.0, 0.0, 0.0, 0.0, 0.0, 0.0, 0.0, 0.0, 0.0, 0.0, 0.0, 0.0, 0.0, 0.0, 0.0, 0.0, 0.0, 0.0, 0.0, 0.0, 0.0, 0.0, 0.0, 0.0, 0.0, 0.0, 1.0, 1.0, 0.0, 0.0, 0.0, 0.0, 0.0, 0.0, 0.0, 0.0, 0.0, 0.0, 0.0, 0.0, 0.0, 0.0, 0.0, 0.0, 0.0, 0.0, 0.0, 0.0, 0.0, 0.0, 0.0, 1.0], "bins": [-0.17335398495197296, -0.16848191618919373, -0.1636098325252533, -0.15873776376247406, -0.15386568009853363, -0.1489936113357544, -0.14412152767181396, -0.13924945890903473, -0.1343773901462555, -0.12950530648231506, -0.12463323026895523, -0.1197611540555954, -0.11488908529281616, -0.11001700907945633, -0.1051449328660965, -0.10027285665273666, -0.09540078043937683, -0.090528704226017, -0.08565662801265717, -0.08078455179929733, -0.0759124755859375, -0.07104040682315826, -0.06616833060979843, -0.0612962543964386, -0.056424178183078766, -0.05155210196971893, -0.0466800257563591, -0.041807953268289566, -0.03693587705492973, -0.0320638008415699, -0.027191726490855217, -0.022319652140140533, -0.017447590827941895, -0.012575515545904636, -0.007703440263867378, -0.00283136498183012, 0.002040710300207138, 0.006912785582244396, 0.011784860864281654, 0.016656935214996338, 0.02152901142835617, 0.026401087641716003, 0.031273163855075836, 0.03614523634314537, 0.0410173125565052, 0.045889388769865036, 0.05076146125793457, 0.0556335374712944, 0.060505613684654236, 0.06537768989801407, 0.0702497661113739, 0.07512184232473373, 0.07999391853809357, 0.0848659873008728, 0.08973806351423264, 0.09461013972759247, 0.0994822159409523, 0.10435429215431213, 0.10922636836767197, 0.1140984445810318, 0.11897051334381104, 0.12384258955717087, 0.1287146657705307, 0.13358674943447113, 0.13845881819725037]}, "gradients/label_classifier.weight": {"_type": "histogram", "values": [1.0, 0.0, 0.0, 1.0, 2.0, 0.0, 0.0, 2.0, 1.0, 1.0, 9.0, 7.0, 6.0, 8.0, 8.0, 12.0, 7.0, 9.0, 18.0, 20.0, 23.0, 17.0, 22.0, 21.0, 19.0, 31.0, 33.0, 41.0, 43.0, 89.0, 104.0, 101.0, 46.0, 32.0, 31.0, 32.0, 17.0, 28.0, 26.0, 26.0, 21.0, 19.0, 20.0, 9.0, 13.0, 7.0, 9.0, 7.0, 3.0, 6.0, 4.0, 1.0, 3.0, 2.0, 0.0, 0.0, 1.0, 1.0, 1.0, 1.0, 0.0, 0.0, 1.0, 1.0], "bins": [-0.07244445383548737, -0.07007471472024918, -0.06770497560501099, -0.0653352364897728, -0.0629654973745346, -0.06059575825929642, -0.05822601914405823, -0.05585628002882004, -0.05348654091358185, -0.05111680179834366, -0.04874706268310547, -0.04637732356786728, -0.04400758445262909, -0.0416378453373909, -0.03926810622215271, -0.03689836710691452, -0.03452862799167633, -0.03215888887643814, -0.02978914976119995, -0.02741941064596176, -0.025049671530723572, -0.022679932415485382, -0.020310193300247192, -0.017940454185009003, -0.015570715069770813, -0.013200975954532623, -0.010831236839294434, -0.008461497724056244, -0.006091758608818054, -0.0037220194935798645, -0.0013522803783416748, 0.001017458736896515, 0.0033872053027153015, 0.005756944417953491, 0.008126683533191681, 0.01049642264842987, 0.01286616176366806, 0.01523590087890625, 0.01760563999414444, 0.01997537910938263, 0.02234511822462082, 0.02471485733985901, 0.0270845964550972, 0.029454335570335388, 0.03182407468557358, 0.03419381380081177, 0.03656355291604996, 0.03893329203128815, 0.04130303114652634, 0.043672770261764526, 0.046042509377002716, 0.048412248492240906, 0.050781987607479095, 0.053151726722717285, 0.055521465837955475, 0.057891204953193665, 0.060260944068431854, 0.06263068318367004, 0.06500042229890823, 0.06737016141414642, 0.06973990052938461, 0.0721096396446228, 0.07447937875986099, 0.07684911787509918, 0.07921885699033737]}, "gradients/adapter.fc.9.weight": {"_type": "histogram", "values": [1.0, 1.0, 4.0, 0.0, 3.0, 0.0, 1.0, 2.0, 4.0, 1.0, 4.0, 7.0, 14.0, 21.0, 18.0, 18.0, 39.0, 36.0, 93.0, 110.0, 120.0, 217.0, 295.0, 429.0, 660.0, 933.0, 1553.0, 2833.0, 7149.0, 35590.0, 7393.0, 3035.0, 1639.0, 980.0, 719.0, 509.0, 296.0, 223.0, 137.0, 118.0, 75.0, 62.0, 41.0, 22.0, 34.0, 27.0, 13.0, 11.0, 8.0, 8.0, 7.0, 6.0, 1.0, 2.0, 3.0, 6.0, 1.0, 0.0, 2.0, 0.0, 0.0, 1.0, 0.0, 1.0], "bins": [-0.04338952153921127, -0.04191799461841583, -0.04044647142291069, -0.03897494450211525, -0.03750342130661011, -0.03603189438581467, -0.034560371190309525, -0.033088844269514084, -0.03161732107400894, -0.0301457941532135, -0.02867426909506321, -0.027202744036912918, -0.025731217116117477, -0.024259692057967186, -0.022788166999816895, -0.021316641941666603, -0.01984511688351631, -0.01837359182536602, -0.01690206676721573, -0.015430540777742863, -0.013959015719592571, -0.01248749066144228, -0.011015964671969414, -0.009544439613819122, -0.008072914555668831, -0.006601389497518539, -0.005129863973706961, -0.0036583386827260256, -0.0021868133917450905, -0.0007152881007641554, 0.0007562371902167797, 0.002227762481197715, 0.00369928777217865, 0.005170812830328941, 0.00664233835414052, 0.008113863877952099, 0.00958538893610239, 0.011056913994252682, 0.012528439983725548, 0.01399996504187584, 0.01547149010002613, 0.016943015158176422, 0.018414540216326714, 0.019886065274477005, 0.021357592195272446, 0.022829117253422737, 0.02430064231157303, 0.02577216736972332, 0.02724369242787361, 0.028715217486023903, 0.030186742544174194, 0.031658269464969635, 0.03312979266047478, 0.03460131958127022, 0.03607284277677536, 0.0375443696975708, 0.03901589661836624, 0.040487419813871384, 0.041958946734666824, 0.04343046993017197, 0.04490199685096741, 0.04637352004647255, 0.04784504696726799, 0.04931657016277313, 0.05078809708356857]}, "gradients/adapter.fc.6.weight": {"_type": "histogram", "values": [1.0, 1.0, 0.0, 0.0, 2.0, 2.0, 3.0, 1.0, 2.0, 4.0, 4.0, 3.0, 6.0, 6.0, 11.0, 9.0, 12.0, 18.0, 19.0, 23.0, 23.0, 29.0, 40.0, 64.0, 101.0, 159.0, 238.0, 424.0, 770.0, 1650.0, 6236.0, 51879.0, 1480.0, 714.0, 432.0, 285.0, 214.0, 133.0, 94.0, 74.0, 58.0, 45.0, 36.0, 31.0, 34.0, 29.0, 25.0, 18.0, 16.0, 9.0, 10.0, 11.0, 6.0, 2.0, 7.0, 7.0, 4.0, 8.0, 3.0, 5.0, 2.0, 0.0, 3.0, 1.0],