{"run_id": "dixxbtju", "_timestamp": 1696433334.1987424, "_runtime": 356.70087027549744, "_step": 1, "Train Time": 351.7282633781433, "_wandb": {"runtime": 356}}