{"run_id": "v2f1itwj", "_timestamp": 1696372064.3739948, "_runtime": 369.6253037452698, "_step": 1, "Train Time": 366.71596789360046, "_wandb": {"runtime": 366}}