{"run_id": "qijqni1z", "_timestamp": 1696885980.9011724, "_runtime": 4.290451288223267, "_step": 0, "_wandb": {"runtime": 0}}