{"frame_analysis_supervised": "uniform", "_timestamp": 1702467761.7256398, "_runtime": 4.921936750411987, "_step": 0, "_wandb": {"runtime": 0}}