{"frame_analysis_supervised": "uniform", "_timestamp": 1699304550.8239567, "_runtime": 4.242891788482666, "_step": 0, "_wandb": {"runtime": 0}}