{"seed": 42, "_timestamp": 1692821777.1528816, "_runtime": 188.78935170173645, "_step": 2, "run_id": "osg7fz47", "Train Loss": 749326.1409549713, "Train Accuracy": 0.30656424581005587, "Train Time": 183.54652667045593, "_wandb": {"runtime": 195}}