{"seed": 42, "_timestamp": 1690754971.7734652, "_runtime": 185.04026222229004, "_step": 74, "run_id": "ocea3laj", "Train Loss": 1414.404734134674, "Train Accuracy": 0.6466480446927374, "Train Time": 150.81740617752075, "t-SNE plot": {"_type": "image-file", "sha256": "6fad1ea03ebf4db0a473fe2c120dbc8b74d601eab9adc9cb1099d26328e6d2d3", "size": 21976, "path": "media/images/t-SNE plot_74_6fad1ea03ebf4db0a473.png", "format": "png", "width": 800, "height": 800}, "_wandb": {"runtime": 181}}