{"seed": 42, "_timestamp": 1690134614.7655516, "_runtime": 3.345818519592285, "_step": 1, "run_id": "0wr3c830", "_wandb": {"runtime": 11}}