{"seed": 42, "_timestamp": 1692821432.2315788, "_runtime": 193.2807068824768, "_step": 2, "run_id": "siwc8krq", "Train Loss": 690412.8276233673, "Train Accuracy": 0.295391061452514, "Train Time": 189.130850315094, "_wandb": {"runtime": 202}}