{"frame_analysis_supervised": "uniform", "_timestamp": 1699306724.989548, "_runtime": 6.2299768924713135, "_step": 0, "_wandb": {"runtime": 15}}