{"frame_analysis_supervised": "uniform", "_timestamp": 1699307219.637322, "_runtime": 5.089232921600342, "_step": 0, "_wandb": {"runtime": 8}}