{"run_id": "mnbqi4mh", "_timestamp": 1696428991.245427, "_runtime": 3.6859829425811768, "_step": 0, "_wandb": {"runtime": 23}}