{"run_id": "cft6fu7r", "_timestamp": 1696431598.311637, "_runtime": 357.17555594444275, "_step": 1, "Train Time": 353.690110206604, "_wandb": {"runtime": 357}}