{"frame_analysis_supervised": "uniform", "_timestamp": 1699307053.3151968, "_runtime": 5.772834777832031, "_step": 0, "_wandb": {"runtime": 8}}