{"run_id": "t1qr1jc4", "_timestamp": 1696435977.9944072, "_runtime": 350.8846712112427, "_step": 1, "Train Time": 346.4396412372589, "_wandb": {"runtime": 348}}