{"seed": 42, "_timestamp": 1690135424.5745, "_runtime": 201.91953802108765, "_step": 74, "run_id": "2cu26tzk", "Train Loss": 1416.0827014446259, "Train Accuracy": 0.645949720670391, "Train Time": 168.33278799057007, "t-SNE plot": {"_type": "image-file", "sha256": "29b163834b6726a83ec682791c0f93014918c30d99d071c8c525b985c44dfe31", "size": 22755, "path": "media/images/t-SNE plot_74_29b163834b6726a83ec6.png", "format": "png", "width": 800, "height": 800}, "_wandb": {"runtime": 199}}