{"run_id": "jkrgjcih", "_timestamp": 1696885969.0851653, "_runtime": 2612.934978246689, "_step": 14, "Train Time": 161.0454285144806, "confusion_matrix Train": {"_type": "image-file", "sha256": "35fcaef6c8802f1e1a8869135af571db6a08f5044e3f38ab58ed4794c56e72f8", "size": 35193, "path": "media/images/confusion_matrix Train_14_35fcaef6c8802f1e1a88.png", "format": "png", "width": 1200, "height": 800, "caption": "Confusion Matrix Train at Epoch 14"}, "Closed Accuracy Train": 0.6372909096921162, "Open Accuracy Train": 0.9999999999997988, "H-Score Train": 0.7784699785719881, "Accuracy_Train_kick_ball": 0.6282051282051282, "Accuracy_Train_climb": 0.8524590163934426, "Accuracy_Train_pullup": 0.8533834586466166, "Accuracy_Train_punch": 0.758364312267658, "Accuracy_Train_unknown": 1.0, "confusion_matrix Test": {"_type": "image-file", "sha256": "99bef5a7ea6e44c8ecc2e8bc6317382f51a1d1abef6616a27c4ff74c27ccc6e1", "size": 33225, "path": "media/images/confusion_matrix Test_14_99bef5a7ea6e44c8ecc2.png", "format": "png", "width": 1200, "height": 800, "caption": "Confusion Matrix Test at Epoch 14"}, "Closed Accuracy Test": 0.19794501537857342, "Open Accuracy Test": 0.6253443526169077, "H-Score Test": 0.30070544405800526, "Accuracy_Test_kick_ball": 0.0, "Accuracy_Test_climb": 0.4, "Accuracy_Test_pullup": 0.7857142857142857, "Accuracy_Test_punch": 0.36, "Accuracy_Test_unknown": 0.7516556291390728, "gradients/label_classifier.bias": {"_type": "histogram", "values": [1.0, 0.0, 0.0, 0.0, 0.0, 0.0, 0.0, 0.0, 0.0, 0.0, 0.0, 0.0, 0.0, 1.0, 0.0, 0.0, 0.0, 0.0, 0.0, 0.0, 1.0, 0.0, 0.0, 0.0, 0.0, 0.0, 0.0, 0.0, 0.0, 0.0, 0.0, 0.0, 0.0, 0.0, 0.0, 0.0, 0.0, 0.0, 0.0, 0.0, 0.0, 0.0, 0.0, 0.0, 0.0, 0.0, 0.0, 0.0, 0.0, 0.0, 0.0, 0.0, 0.0, 0.0, 0.0, 0.0, 0.0, 0.0, 0.0, 0.0, 0.0, 0.0, 0.0, 1.0], "bins": [-0.17615057528018951, -0.16897207498550415, -0.16179358959197998, -0.15461508929729462, -0.14743660390377045, -0.14025810360908508, -0.1330796182155609, -0.12590111792087555, -0.11872262507677078, -0.11154413223266602, -0.10436563938856125, -0.09718714654445648, -0.09000864624977112, -0.08283015340566635, -0.07565166056156158, -0.06847316771745682, -0.06129467487335205, -0.054116182029247284, -0.04693768918514252, -0.03975919261574745, -0.032580699771642685, -0.025402206927537918, -0.018223712220788002, -0.01104521844536066, -0.003866724669933319, 0.0033117691054940224, 0.010490262880921364, 0.01766875758767128, 0.024847250431776047, 0.032025743275880814, 0.03920423984527588, 0.046382732689380646, 0.05356121063232422, 0.060739703476428986, 0.06791819632053375, 0.07509668916463852, 0.08227518200874329, 0.08945368230342865, 0.09663217514753342, 0.10381066799163818, 0.11098916083574295, 0.11816765367984772, 0.12534615397453308, 0.13252463936805725, 0.13970313966274261, 0.14688162505626678, 0.15406012535095215, 0.16123861074447632, 0.16841711103916168, 0.17559561133384705, 0.18277409672737122, 0.18995259702205658, 0.19713108241558075, 0.2043095827102661, 0.21148806810379028, 0.21866656839847565, 0.225845068693161, 0.23302355408668518, 0.24020205438137054, 0.24738053977489471, 0.2545590400695801, 0.26173752546310425, 0.2689160108566284, 0.276094526052475, 0.28327301144599915]}, "gradients/label_classifier.weight": {"_type": "histogram", "values": [2.0, 0.0, 0.0, 0.0, 1.0, 2.0, 0.0, 0.0, 2.0, 6.0, 1.0, 5.0, 6.0, 6.0, 3.0, 3.0, 10.0, 8.0, 15.0, 14.0, 5.0, 7.0, 14.0, 17.0, 23.0, 31.0, 34.0, 35.0, 55.0, 54.0, 59.0, 68.0, 76.0, 65.0, 66.0, 66.0, 40.0, 37.0, 24.0, 22.0, 18.0, 13.0, 16.0, 17.0, 4.0, 8.0, 13.0, 11.0, 9.0, 3.0, 5.0, 3.0, 3.0, 2.0, 4.0, 5.0, 2.0, 2.0, 0.0, 1.0, 1.0, 1.0, 0.0, 1.0], "bins": [-0.168464794754982, -0.1632428765296936, -0.1580209583044052, -0.15279904007911682, -0.14757712185382843, -0.14235520362854004, -0.13713327050209045, -0.13191135227680206, -0.12668943405151367, -0.12146751582622528, -0.11624559760093689, -0.1110236793756485, -0.10580176115036011, -0.10057984292507172, -0.09535791724920273, -0.09013599902391434, -0.08491408079862595, -0.07969216257333755, -0.07447024434804916, -0.06924831867218018, -0.06402640044689178, -0.058804482221603394, -0.053582563996315, -0.04836064204573631, -0.04313872382044792, -0.03791680559515953, -0.03269488364458084, -0.02747296541929245, -0.02225104533135891, -0.01702912524342537, -0.011807206086814404, -0.0065852864645421505, -0.0013633668422698975, 0.0038585527800023556, 0.009080472402274609, 0.014302391558885574, 0.019524311646819115, 0.024746231734752655, 0.029968149960041046, 0.035190071910619736, 0.04041199013590813, 0.04563390836119652, 0.05085583031177521, 0.0560777485370636, 0.06129966676235199, 0.06652158498764038, 0.07174351066350937, 0.07696542888879776, 0.08218734711408615, 0.08740926533937454, 0.09263118356466293, 0.09785310924053192, 0.10307502746582031, 0.1082969456911087, 0.1135188639163971, 0.11874078214168549, 0.12396270036697388, 0.12918461859226227, 0.13440653681755066, 0.13962846994400024, 0.14485038816928864, 0.15007230639457703, 0.15529422461986542, 0.1605161428451538, 0.1657380610704422]}, "gradients/adapter.fc.9.weight": {"_type": "histogram", "values": [4.0, 2.0, 1.0, 0.0, 2.0, 1.0, 1.0, 0.0, 2.0, 6.0, 7.0, 4.0, 11.0, 12.0, 15.0, 19.0, 22.0, 32.0, 31.0, 60.0, 69.0, 98.0, 99.0, 178.0, 194.0, 288.0, 381.0, 510.0, 754.0, 1272.0, 2279.0, 5806.0, 37643.0, 8961.0, 2662.0, 1307.0, 837.0, 576.0, 390.0, 282.0, 216.0, 139.0, 111.0, 62.0, 45.0, 39.0, 23.0, 23.0, 17.0, 12.0, 7.0, 6.0, 4.0, 2.0, 2.0, 2.0, 2.0, 1.0, 0.0, 4.0, 0.0, 0.0, 0.0, 1.0], "bins": [-0.11100783944129944, -0.10761472582817078, -0.10422160476446152, -0.10082848370075226, -0.0974353700876236, -0.09404225647449493, -0.09064913541078568, -0.08725601434707642, -0.08386290073394775, -0.08046978712081909, -0.07707666605710983, -0.07368354499340057, -0.07029043138027191, -0.06689731776714325, -0.06350419670343399, -0.06011107936501503, -0.05671796202659607, -0.05332484468817711, -0.04993172734975815, -0.04653861001133919, -0.04314549267292023, -0.039752375334501266, -0.036359257996082306, -0.032966140657663345, -0.029573023319244385, -0.026179905980825424, -0.022786788642406464, -0.019393671303987503, -0.016000553965568542, -0.012607436627149582, -0.009214319288730621, -0.005821201950311661, -0.002428092062473297, 0.0009650252759456635, 0.004358142614364624, 0.007751259952783585, 0.011144377291202545, 0.014537494629621506, 0.017930611968040466, 0.021323729306459427, 0.024716846644878387, 0.028109963983297348, 0.03150308132171631, 0.03489619866013527, 0.03828931599855423, 0.04168243333697319, 0.04507555067539215, 0.04846866801381111, 0.05186178535223007, 0.05525490269064903, 0.05864802002906799, 0.062041137367486954, 0.06543425470590591, 0.06882737576961517, 0.07222048938274384, 0.0756136029958725, 0.07900672405958176, 0.08239984512329102, 0.08579295873641968, 0.08918607234954834, 0.0925791934132576, 0.09597231447696686, 0.09936542809009552, 0.10275854170322418, 0.10615166276693344]}, "gradients/adapter.fc.6.weight": {"_type": "histogram", "values": [2.0, 3.0, 8.0, 4.0, 3.0, 18.0, 8.0, 12.0, 13.0, 19.0, 29.0, 14.0, 45.0, 37.0, 47.0, 64.0, 70.0, 77.0, 90.0, 125.0, 184.0, 223.0, 431.0, 913.0, 2679.0, 56031.0, 1719.0, 695.0, 471.0, 366.0, 244.0, 194.0, 164.0, 107.0, 86.0, 60.0, 52.0, 32.0, 33.0, 28.0, 32.0, 20.0, 11.0, 13.0, 10.0, 7.0, 6.0, 6.0, 8.0, 2.0, 0.0, 3.0, 3.0, 2.0, 3.0, 3.0, 0.0, 0.0, 2.0, 0.0, 1.0, 3.0, 0.0, 1.0],