{"frame_analysis_supervised": "uniform", "_timestamp": 1704210288.840885, "_runtime": 5.607385873794556, "_step": 0, "_wandb": {"runtime": 6}}