{"seed": 42, "_timestamp": 1690134928.9919152, "_runtime": 205.69920825958252, "_step": 74, "run_id": "qj7buaxq", "Train Loss": 1414.6623923778534, "Train Accuracy": 0.6466480446927374, "Train Time": 171.20335340499878, "t-SNE plot": {"_type": "image-file", "sha256": "b3bba3aff366db3ab7e0abb87f839683e6d290d1854b8761e14385e30ddb4cb0", "size": 22372, "path": "media/images/t-SNE plot_74_b3bba3aff366db3ab7e0.png", "format": "png", "width": 800, "height": 800}, "_wandb": {"runtime": 202}}