{"seed": 42, "_timestamp": 1690134516.895047, "_runtime": 3.108293056488037, "_step": 1, "run_id": "mx0t5noj", "_wandb": {"runtime": 21}}