{"run_id": "mbo1rif3", "_timestamp": 1696578653.5301077, "_runtime": 3.476233720779419, "_step": 0, "_wandb": {"runtime": 783}}