{"seed": 42, "_timestamp": 1690138109.5787885, "_runtime": 203.86611652374268, "_step": 75, "run_id": "ww2enkmk", "Train Loss": 1415.433688879013, "Train Accuracy": 0.645949720670391, "Train Time": 171.0254533290863, "t-SNE plot": {"_type": "image-file", "sha256": "0ac17f2febeaf35eaca81d6c78f60fdb8c6bb22e3718487a29165efb304eedad", "size": 21343, "path": "media/images/t-SNE plot_74_0ac17f2febeaf35eaca8.png", "format": "png", "width": 800, "height": 800}, "Epoch": 0, "Entropy": 0.09, "Validation Loss": 0.0, "Validation Closed Accuracy": 0.19104517704517707, "Validation Open Accuracy": 0.9694323144104804, "Validation H Score": 0.3191882126167766, "Validation Time": 29.71802544593811, "Model Name": "model_entropy_0.0900_hscore_0.3192_direction_hmdb2ucf_baseline_seed_42.pth", "_wandb": {"runtime": 201}}