{"frame_analysis_supervised": "uniform", "_timestamp": 1700036364.3584871, "_runtime": 42.36295819282532, "_step": 1, "_wandb": {"runtime": 38}, "Train Time": 38.39283299446106}