{"frame_strategy": "uniform", "_timestamp": 1699304431.6592221, "_runtime": 4.827115058898926, "_step": 0, "_wandb": {"runtime": 0}}