{"seed": 42, "_timestamp": 1692559561.7759936, "_runtime": 2.7831616401672363, "_step": 1, "run_id": "2b4n7nd7", "_wandb": {"runtime": 59}}