{"frame_analysis_supervised": "uniform", "_timestamp": 1699304778.0598013, "_runtime": 4.90261435508728, "_step": 0, "_wandb": {"runtime": 1}}