{"seed": 42, "_timestamp": 1692652622.2173128, "_runtime": 184.5912947654724, "_step": 2, "run_id": "egwtab4w", "Train Loss": 727545.8741073608, "Train Accuracy": 0.276536312849162, "Train Time": 181.54944705963135, "_wandb": {"runtime": 195}}