{"run_id": "7mxn7un8", "_timestamp": 1696435261.3888354, "_runtime": 363.2634074687958, "_step": 1, "Train Time": 359.42633175849915, "_wandb": {"runtime": 361}}