{"frame_analysis_supervised": "uniform", "_timestamp": 1700038085.5376623, "_runtime": 6.8168041706085205, "_step": 0, "_wandb": {"runtime": 0}}