{"frame_strategy": "uniform", "_timestamp": 1699229444.5636754, "_runtime": 4.173495292663574, "_step": 0, "_wandb": {"runtime": 126}}